"id","subdivisionId","name"
"1","5","Saint Julia de Loria"
"2","6","Andorra la Vieja"
"3","6","Andorre-la-Vieille"
"4","7","Les Escaldes"
"5","8","Ujman"
"6","9","Abu Dhabi"
"7","9","Abu Dhabi"
"8","9","Abū Z̨abī"
"9","9","Abu Zabi"
"10","9","Abu Zaby"
"11","15","Balkh"
"12","16","Bāmīān"
"13","16","Bamian"
"14","16","Bamiyan"
"15","17","Bādghīs"
"16","17","Badghis"
"17","17","Badgis"
"18","18","Badaẖšan"
"19","19","Baghlan"
"20","19","Baghlān"
"21","19","Baglan"
"22","20","Daikondi"
"23","21","Fahrah"
"24","22","Fariab"
"25","23","Gazni"
"26","23","Ghazni"
"27","24","Ghawr"
"28","24","Ghor"
"29","24","Ghowr"
"30","24","Gōr"
"31","25","Helmand"
"32","25","Hilmend"
"33","26","Herat"
"34","27","Jawzjan"
"35","27","Jowzjān"
"36","27","Jowzjan"
"37","27","Jozjan"
"38","27","Juzjan"
"39","28","Kābol"
"40","28","Kabol"
"41","28","Kabul"
"42","28","Kābul"
"43","29","Kandahar"
"44","30","Kapesa"
"45","30","Kapisa"
"46","30","Kapissa"
"47","31","Kondoz"
"48","31","Kondūz"
"49","31","Kūnduz"
"50","31","Qondūz"
"51","32","H̱awst"
"52","32","H̱ōst"
"53","32","Khawst"
"54","32","Khost"
"55","32","Matūn"
"56","32","Matun"
"57","33","Konar"
"58","33","Konarhā"
"59","34","Laghmān"
"60","34","Laghman"
"61","34","Lagman"
"62","35","Lawgar"
"63","35","Logar"
"64","35","Loghar"
"65","35","Lowgar"
"66","35","Lowghar"
"67","36","Nangarhar"
"68","36","Ningarhar"
"69","37","Chakhānsur"
"70","37","Neemroze"
"71","37","Nimroz"
"72","37","Nimroze"
"73","38","Nooristan"
"74","38","Nouristan"
"75","38","Nurestan"
"76","39","Panjshir"
"77","40","Parvān"
"78","40","Parvan"
"79","40","Parwan"
"80","41","Paktīā"
"81","41","Paktia"
"82","41","Paktiya"
"83","42","Paktika"
"84","44","Sar-e Pol"
"85","44","Sar-i Pol"
"86","44","Sari Pol"
"87","45","Tahar"
"88","45","Takhār"
"89","45","Takhar"
"90","46","Oruzgan"
"91","46","Orūzghān"
"92","46","Oruzghan"
"93","46","Uruzgan"
"94","46","Urūzghān"
"95","46","Uruzghan"
"96","47","Vardak"
"97","47","Wardagh"
"98","47","Wardak"
"99","48","Zābol"
"100","48","Zabol"
"101","48","Zabul"
"102","71","Dibër"
"103","74","Devoli"
"104","91","Malesia e Madhe"
"105","103","Tirana"
"106","103","Tirana"
"107","103","Tiranë"
"108","109","Gegharkunick"
"109","110","Kotaik"
"110","111","Lorri"
"111","114","Tavoush"
"112","119","Kabinda"
"113","120","Cuando-Cubango"
"114","122","Cuanza-Norte"
"115","123","Cuanza-Sul"
"116","129","Malange"
"117","144","Pampa"
"118","159","Carinthia"
"119","159","Koroška"
"120","160","Lower Austria"
"121","161","Upper Austria"
"122","162","Salzbourg"
"123","163","Styria"
"124","164","Tyrol"
"125","277","Bandarban"
"126","279","Bogora"
"127","279","Bogra"
"128","279","Borga Thana"
"129","280","Brahman Bariya"
"130","280","Brahmanbaria"
"131","281","Bagarhat"
"132","281","Bagerhat"
"133","281","Bagherhat"
"134","281","Bāsābāri"
"135","281","Basabari"
"136","282","Barisal"
"137","283","Bhola"
"138","284","Comilla"
"139","284","Komilla"
"140","285","Chandipur"
"141","285","Chandpur"
"142","286","Chattagam"
"143","286","Chittagong"
"144","287","Coxʿs Bazar"
"145","287","Koks Bazar"
"146","288","Chuadanga"
"147","289","Dacca"
"148","289","Dakka"
"149","289","Dhaka"
"150","290","Dinajpur"
"151","291","Faridpur"
"152","292","Feni"
"153","293","Gopalganj"
"154","294","Gajipur"
"155","295","Gaibanda"
"156","295","Gaibandah"
"157","295","Gaibandha"
"158","295","Gaybanda"
"159","295","Gaybandah"
"160","296","Habiganj"
"161","296","Hobiganj"
"162","296","Hobigonj"
"163","297","Jamalpur"
"164","298","Jessore"
"165","298","Jessur"
"166","299","Jhanaydah"
"167","299","Jhanīdāh"
"168","299","Jhanidah"
"169","299","Jhenaida"
"170","299","Jhenida"
"171","300","Jaipur Hat"
"172","300","Jaipurhat"
"173","300","Joypurhat"
"174","301","Jhalakati"
"175","301","Jhalokati"
"176","302","Kishoreganj"
"177","303","Khulna"
"178","304","Kurigram"
"179","306","Kushtia"
"180","306","Kushtiya"
"181","307","Lakshmipur"
"182","307","Laksmipur"
"183","308","Lalmanir Hat"
"184","308","Lalmonirhat"
"185","309","Manikganj"
"186","310","Mymensingh"
"187","310","Nasirābād"
"188","310","Nasirabad"
"189","312","Madaripur"
"190","313","Magura"
"191","314","Maulvi Bazar"
"192","314","Moulvi Bazar"
"193","316","Narayanganj"
"194","317","Netrakona"
"195","317","Netrokana"
"196","318","Narsinghdi"
"197","319","Narail"
"198","319","Naral"
"199","320","Nator"
"200","320","Natore"
"201","321","Nawabganj"
"202","321","Nawabgonj"
"203","322","Nilphamari"
"204","323","Noakhali"
"205","324","Naogaon"
"206","324","Naugaon"
"207","325","Pabna"
"208","326","Perojpur"
"209","326","Pirojpur"
"210","327","Patukhali"
"211","329","Rajbari"
"212","330","Rajshahi"
"213","330","Rampur Boalia"
"214","331","Rangpur"
"215","332","Rangamati"
"216","333","Sherpur"
"217","334","Satkhira"
"218","335","Serajgonj"
"219","335","Sirajganj"
"220","336","Silhat"
"221","336","Sylhet"
"222","337","Shunamganj"
"223","337","Sunamganj"
"224","338","Shariatpur"
"225","339","Tangail"
"226","339","Tangayal"
"227","340","Thakurgaon"
"228","348","Brüssel"
"229","348","Brussel"
"230","348","Brussels Hoofdstedelijk Gewest"
"231","348","Bruxelles"
"232","348","Région de Bruxelles-Capitale"
"233","349","Antwerpen"
"234","349","Anvers"
"235","350","Brabant-Flamand"
"236","350","Brabant-Vlanderen"
"237","350","Flämisch Brabant"
"238","350","Vlaams-Brabant"
"239","352","Limbourg"
"240","353","Flandre-Orientale"
"241","353","Oos-Vlanderen"
"242","353","Oost-Vlaanderen"
"243","353","Ost-Flandern"
"244","354","Flandre-Occidentale"
"245","354","Wes-Vlanderen"
"246","354","West-Flandern"
"247","354","West-Vlaanderen"
"248","356","Waals-Brabant"
"249","356","Wallonisch Brabant"
"250","356","Walloon Brabant"
"251","357","Henegouwen"
"252","357","Hennegau"
"253","358","Luik"
"254","358","Lüttich"
"255","359","Luxembourg"
"256","359","Luxemburg"
"257","360","Namen"
"258","389","Komandjoari"
"259","389","Komondjari"
"260","399","Naouri"
"261","413","Tui"
"262","447","al-Manāmah"
"263","447","Manama"
"264","447","Manama"
"265","447","Manama"
"266","447","Manāmah"
"267","448","aš-Šarqīyah"
"268","448","ash Sharqiyah"
"269","448","Eastern"
"270","448","Hawa"
"271","448","Juzur H̨awār"
"272","448","Southern"
"273","450","al-Mintaqah al-Wusta"
"274","450","Central"
"275","451","al-Mintaqa ash Shamaliyah"
"276","451","ash Shamaliyah"
"277","451","Northern"
"278","458","Kitega"
"279","460","Karusi"
"280","463","Muramuya"
"281","465","Muhinga"
"282","469","Atakora"
"283","475","Kouffo"
"284","536","Bimini Islands"
"285","567","Paro"
"286","567","Rinpung"
"287","568","Chhuka"
"288","568","Chuka"
"289","568","Chukha"
"290","569","Ha"
"291","569","Haa"
"292","570","Samchi"
"293","570","Samtse"
"294","571","Thimbu"
"295","571","Thimphu"
"296","571","Thimpu"
"297","571","Timbhu"
"298","571","Timbu"
"299","571","Timphu"
"300","572","Chirang"
"301","572","Tsirang"
"302","573","Daga"
"303","573","Dagana"
"304","575","Wangdi Phodrang"
"305","575","Wangdiphodrang"
"306","575","Wangdue"
"307","575","Wangdue Phodrang"
"308","576","Gaylegphug"
"309","576","Geylegphug"
"310","576","Sarbhang"
"311","576","Sarpang"
"312","577","Tongsa"
"313","577","Trongsa"
"314","579","Shemgang"
"315","579","Zhemgang"
"316","580","Tashigang"
"317","580","Trashigang"
"318","581","Monggar"
"319","581","Mongor"
"320","582","Pema Gatshel"
"321","582","Pemagatsel"
"322","583","Lhuentse"
"323","583","Lhun Tshi"
"324","583","Lhuntshi"
"325","583","Lhuntsi"
"326","584","Samdruk Jongkhar"
"327","584","Samdrup"
"328","584","Samdrup Jongkha"
"329","585","Gaza"
"330","586","Tashiyangtse"
"331","588","Ghansi"
"332","588","Khanzi"
"333","596","Bierascie"
"334","596","Brest-Litovsk"
"335","596","Brestskaja Oblastʿ"
"336","596","Brestskaja Voblastsʿ"
"337","596","Brestskaya Oblastʿ"
"338","596","Brestskaya V"
"339","597","Gorod Minsk"
"340","597","Horad Minsk"
"341","597","Mensk"
"342","598","Gomel"
"343","598","Gomelskaja Oblastʿ"
"344","598","Gomelskaya Oblastʿ"
"345","598","Gomelʿ"
"346","598","H"
"347","598","Homelskaja Voblastsʿ"
"348","598","Homelskaya Voblastsʿ"
"349","599","Gardinas"
"350","599","Grodnenskaja Oblastʿ"
"351","599","Grodnenskaya Oblastʿ"
"352","599","Grodno"
"353","599","Horadnia"
"354","599","Hrodno"
"355","599","Hrodzenskaja Voblast"
"356","600","Mahilëŭ"
"357","600","Mahilëv"
"358","600","Mahiljov"
"359","600","Mahiljowskaja Voblastsʿ"
"360","600","Mahilyov"
"361","600","Mahilyowskaya Voblastsʿ"
"362","600","Mog"
"363","600","Mogilev"
"364","601","Minskaja Oblastʿ"
"365","601","Minskaya Oblastʿ"
"366","601","Minskaya Voblastsʿ"
"367","602","Vicebskaja Voblastsʿ"
"368","602","Vicebskaya Voblastsʿ"
"369","602","Viciebsk"
"370","602","Vicjebsk"
"371","602","Vitebsk"
"372","602","Vitebsk"
"373","602","Vitebskaja Oblastʿ"
"374","612","Nouveau-Brunswick"
"375","614","Nouvelle-Écosse"
"376","615","Territoires du Nord-Ouest"
"377","619","Québec"
"378","622","Bas-Zaire"
"379","625","Shaba"
"380","631","Haut-Zaire"
"381","631","Orientale"
"382","638","Haut-Mʿbomou"
"383","639","Haut-Sangha"
"384","640","Gribingui"
"385","640","Nana-Grébisi"
"386","641","Kémo Gribingui"
"387","643","Mʿbomou"
"388","644","Ombella-Mʿpoko"
"389","644","Ombelle Mpoko"
"390","647","Mbaeré"
"391","647","Sangha"
"392","650","Bouénza"
"393","654","Cuvette Ouest"
"394","661","Argovie"
"395","663","Appenzell-Ausser Rhoden"
"396","664","Berne"
"397","665","Bâle-Campagne"
"398","666","Bâle-Ville"
"399","666","Basel"
"400","666","Basel-Stadt"
"401","666","Basilea"
"402","666","Basle"
"403","667","Freiburg"
"404","668","Genève"
"405","668","Genf"
"406","668","Ginebra"
"407","668","Ginevra"
"408","669","Glaris"
"409","670","Grigioni"
"410","670","Grisons"
"411","672","Lucerna"
"412","672","Lucerne"
"413","673","Neuenburg"
"414","674","Nidwald"
"415","675","Obwald"
"416","676","Saint Galle"
"417","676","Saint-Gall"
"418","676","Sankt Gallen"
"419","677","Schaffhouse"
"420","678","Soleure"
"421","680","Thurgovie"
"422","681","Tessin"
"423","681","Tessin"
"424","683","Waadt"
"425","684","Vallese"
"426","684","Wallis"
"427","685","Zoug"
"428","686","Zurich"
"429","686","Zürich"
"430","686","Zurigo"
"431","706","Aisén del General Carlos Ibáñez del Campo"
"432","706","Aysén"
"433","709","La Araucanía"
"434","711","Bíobío"
"435","713","General Bernardo O'Higgins"
"436","713","Libertador"
"437","713","Libertador OʿHiggins"
"438","716","Magellantes y la Antártica Chilena"
"439","718","Metropolitana de Santiago"
"440","721","Adamawa"
"441","726","Bénoué"
"442","731","Beijing"
"443","731","Pekín"
"444","735","Inner Mongolia"
"445","735","Nei Monggol"
"446","739","Schanghai"
"447","750","Guangxi Zhuang"
"448","756","Tibet"
"449","760","Ningxia Hui"
"450","761","Uighur"
"451","761","Uygur"
"452","763","Hongkong"
"453","763","Xianggang"
"454","779","Santafé de Bogotá Distrito Capital"
"455","832","Santiago"
"456","941","Budějovický"
"457","941","Českobudějovický"
"458","942","Brnenský"
"459","946","Ostravský"
"460","950","Hlavi město Praha"
"461","950","Prag"
"462","950","Prague"
"463","950","Praha"
"464","951","Central Bohemia"
"465","951","Mittelböhmen"
"466","951","Stredocesky"
"467","953","Jihlavský"
"468","955","Brandenbourg"
"469","955","Brandenburgo"
"470","956","Berlín"
"471","958","Bavaria"
"472","958","Bavière"
"473","958","Bayern"
"474","959","Brème"
"475","960","Hesse"
"476","960","Hessen"
"477","961","Amburgo"
"478","961","Hambourg"
"479","961","Hamburgo"
"480","962","Mecklenburg-Vorpommern"
"481","963","Niedersachsen"
"482","964","Nordrhein-Westfalen"
"483","964","Rhénanie-Westphalie"
"484","965","Rheinland-Pfalz"
"485","965","Rhénanie-Palatinat"
"486","968","Sachsen"
"487","970","Thüringen"
"488","972","Ali Sabieh"
"489","972","Ali Sabih"
"490","973","Dikhil"
"491","973","Dikkil"
"492","974","Djibouti"
"493","975","Obock"
"494","975","Obok"
"495","976","Tadjoura"
"496","976","Tadjourah"
"497","976","Tajura"
"498","977","Nordjylland"
"499","978","Midtjylland"
"500","979","Syddanmark"
"501","980","Region Hovedstaden"
"502","981","SjÃ¦lland"
"503","994","Bahoruco"
"504","994","Baoruco"
"505","1024","Adrar"
"506","1025","Al Asnām"
"507","1025","Al Asnam"
"508","1025","Chelef"
"509","1025","Chelf"
"510","1025","Chlef"
"511","1025","Chlif"
"512","1025","Ech Cheliff"
"513","1025","El Asnam"
"514","1026","Laghouat"
"515","1027","Canrobert"
"516","1027","Oum el Bouaghi"
"517","1028","Batna"
"518","1029","Béjaïa"
"519","1029","Bejaïa"
"520","1029","Bougie"
"521","1030","Beskra"
"522","1030","Biskara"
"523","1030","Biskra"
"524","1031","Béchar"
"525","1032","Blida"
"526","1032","El Boulaida"
"527","1033","Bouira"
"528","1034","Fort-Laperrine"
"529","1034","Tamanghist"
"530","1034","Tamanrasset"
"531","1035","Tbessa"
"532","1035","Tébessa"
"533","1036","Tilimsen"
"534","1036","Tlemcen"
"535","1037","Tiaret"
"536","1037","Tihert"
"537","1038","Tizi-Ouzou"
"538","1039","Al-Jazair"
"539","1039","Al-Jazaʿir"
"540","1039","al-Jazāʿir"
"541","1039","Alger"
"542","1039","Algier"
"543","1039","El Djazair"
"544","1040","Djelfa"
"545","1040","El Djelfa"
"546","1041","Djidjel"
"547","1041","Djidjeli"
"548","1041","Djidjelli"
"549","1041","Jijel"
"550","1042","Sétif"
"551","1042","Setif"
"552","1042","Stif"
"553","1043","Saïda"
"554","1043","Saida"
"555","1044","Skikda"
"556","1045","Sidi bel Abbès"
"557","1046","Annaba"
"558","1046","Bona"
"559","1046","Bône"
"560","1047","Guelma"
"561","1048","Constantine"
"562","1048","Ksontina"
"563","1048","Qacentina"
"564","1048","Qoussantina"
"565","1048","Qusanţīnah"
"566","1049","al-Midyah"
"567","1049","Lemdiyya"
"568","1049","Médéa"
"569","1050","Mestghanem"
"570","1050","Mostaganem"
"571","1050","Mustaġānam"
"572","1050","Mustaghanam"
"573","1050","Mustaghanim"
"574","1051","Msila"
"575","1051","MʿSila"
"576","1052","Mascara"
"577","1052","Mouaskar"
"578","1053","Ouargla"
"579","1053","Wargla"
"580","1054","Oran"
"581","1054","Ouahran"
"582","1055","El Bayadh"
"583","1056","Illizi"
"584","1057","Bordj Bou Arreridj"
"585","1058","Boumerdès"
"586","1059","at-Tarf"
"587","1059","El Taref"
"588","1059","El Tarf"
"589","1060","Tindouf"
"590","1061","Tissemselt"
"591","1061","Tissemsilt"
"592","1062","El Ouâdi"
"593","1062","El Oued"
"594","1062","El Wad"
"595","1063","Khenchela"
"596","1063","Khenchla"
"597","1064","Souk Ahras"
"598","1064","Souq Ahras"
"599","1065","Tipaza"
"600","1066","Mila"
"601","1067","Aïn Defla"
"602","1067","Aïn Eddefla"
"603","1068","Naama"
"604","1069","Aïn Temouchent"
"605","1070","Ghardaïa"
"606","1071","Ghilizane"
"607","1071","Ighil Izane"
"608","1071","Relizane"
"609","1071","Rélizane"
"610","1097","Dagden"
"611","1097","Dagö"
"612","1099","Jogevamaa"
"613","1103","Polvamaa"
"614","1106","Ösel"
"615","1106","Saare"
"616","1110","Vorumaa"
"617","1111","al-Iskandariyah"
"618","1111","al-Iskandarīyah"
"619","1111","Alexandria"
"620","1111","Alexandria"
"621","1111","Alexandrie"
"622","1111","El Iskandariya"
"623","1112","Assouan"
"624","1112","Assuan"
"625","1112","Aswān"
"626","1113","Asiut"
"627","1113","Assiout"
"628","1113","Assiut"
"629","1113","Assyût"
"630","1113","Asyūţ"
"631","1113","Siut"
"632","1114","El Bahr el Ahmar"
"633","1115","al-Buh̨ayrah"
"634","1115","El Buhayra"
"635","1116","Banī Suwayf"
"636","1116","Bani Suwayf"
"637","1117","al-Qāhirah"
"638","1117","Caire"
"639","1117","Cairo"
"640","1117","El Qahira"
"641","1117","Kairo"
"642","1117","Le Caire-sur-Mer"
"643","1118","ad-Daqahliyah"
"644","1118","Dakahlia"
"645","1118","El Daqahliya"
"646","1119","Damiat"
"647","1119","Damiette"
"648","1119","Dumyāţ"
"649","1119","Dumyat"
"650","1120","al-Fayyūm"
"651","1120","al-Fayyum"
"652","1120","El Faiyūm"
"653","1121","al-Garbiyah"
"654","1121","al-Ġarbīyah"
"655","1121","El Gharbiya"
"656","1121","Gharbiya"
"657","1122","al-Jīzah"
"658","1122","El Giza"
"659","1122","Gise"
"660","1122","Giseh"
"661","1122","Giza"
"662","1122","Gîza"
"663","1122","Gizah"
"664","1122","Jiza"
"665","1122","Jizah"
"666","1124","al-Ismailiyah"
"667","1124","al-Ismāīlīyah"
"668","1124","El Ismailia"
"669","1124","Ismaʿiliya"
"670","1125","Sina al-Janūbīyah"
"671","1125","Sinai al-Janubiyah"
"672","1125","South Sinai"
"673","1126","al-Qalyubiyah"
"674","1126","El Qalubiya"
"675","1127","Kafr-aš-Šayẖ"
"676","1127","Kafr-ash-Shaykh"
"677","1128","Qina"
"678","1128","Qinā"
"679","1129","al-Uqşur"
"680","1129","al-Uqsur"
"681","1129","Louxor"
"682","1129","Luxor"
"683","1130","al-Minyā"
"684","1130","al-Minya"
"685","1130","El Minya"
"686","1130","Minia"
"687","1131","al-Minūfīyah"
"688","1131","al-Minufiyah"
"689","1131","El Minufiya"
"690","1131","Menufiya"
"691","1132","Matrah"
"692","1132","Matrūh"
"693","1133","Bur Said"
"694","1133","Būr Saʿīd"
"695","1134","Sawhaj"
"696","1134","Sawhāj"
"697","1134","Suhag"
"698","1134","Sūhaj"
"699","1134","Suhaj"
"700","1135","aš-Šarqīyah"
"701","1135","ash-Sharqiyah"
"702","1136","Šamāl Sīna"
"703","1136","Shamal Sina"
"704","1136","Sina aš-Šamālīyah"
"705","1136","Sinai ash-Shamaliyah"
"706","1138","as-Suways"
"707","1138","El Suweiz"
"708","1139","El Wadi el Jadid"
"709","1139","El Wadi el Jedid"
"710","1140","Bojador"
"711","1140","Boujdour"
"712","1140","Bu Jaydur"
"713","1140","Bujdur"
"714","1140","Cabo Bojador"
"715","1141","as-Samarah"
"716","1141","as-Smara"
"717","1141","Es-Smara"
"718","1141","Essemara"
"719","1141","Semara"
"720","1141","Smara"
"721","1142","Aaiún"
"722","1142","Al Ayūn"
"723","1142","al-Ayun"
"724","1142","Al-Uyun"
"725","1142","Ayūn"
"726","1142","El Aaiún"
"727","1142","La Youne"
"728","1142","Lâayoun"
"729","1142","Laayoune"
"730","1142","Laʿyoun"
"731","1143","Oued edh Dheheb"
"732","1143","Wad adh-Dhahab"
"733","1144","Ansabā"
"734","1145","Janūbī al Baḩrī al Aḩmar"
"735","1146","Al Janūbī"
"736","1147","Qāsh-Barkah"
"737","1148","Al Awsaţ"
"738","1149","Shimālī al Baḩrī al Aḩmar"
"739","1150","Alacant"
"740","1150","Alicante"
"741","1155","Asturien"
"742","1155","Asturies"
"743","1159","Bizkaia"
"744","1159","Vizcaya"
"745","1161","Corunna"
"746","1161","La Coruña"
"747","1163","Cantabrie"
"748","1163","Kantabrien"
"749","1165","Sebta"
"750","1171","Castellón"
"751","1177","Gerona"
"752","1182","Islas Baleares"
"753","1184","Lérida"
"754","1186","Logroño"
"755","1190","Murcie"
"756","1194","Nafarroa"
"757","1194","Navarra"
"758","1194","Navarre"
"759","1195","Navarre"
"760","1196","Oviedo"
"761","1197","Orense"
"762","1199","Baleares"
"763","1199","Illes Balears"
"764","1199","Islas Baleares"
"765","1201","Euskal Herria"
"766","1203","Santander"
"767","1208","Gipuzkoa"
"768","1208","Guipúzcoa"
"769","1213","Valencia"
"770","1213","València (ca)"
"771","1215","Valence"
"772","1216","Araba"
"773","1220","Affar"
"774","1224","Gambela"
"775","1230","Landskapet Åland"
"776","1231","Södra Karelen"
"777","1232","Södra Österbotten"
"778","1233","Södra Savolax"
"779","1234","Kajanaland"
"780","1235","Egentliga Tavastland"
"781","1236","Mellersta Österbotten"
"782","1237","Mellersta Finland"
"783","1238","Kymmenedalen"
"784","1239","Lappland"
"785","1240","Birkaland"
"786","1241","Österbotten"
"787","1242","Norra Karelen"
"788","1243","Norra Österbotten"
"789","1244","Norra Savolax"
"790","1245","Päijänne-Tavastland"
"791","1246","Satakunda"
"792","1247","Nyland"
"793","1248","Egentliga Finland"
"794","1254","Kosrae"
"795","1255","Ascension"
"796","1255","Ponape"
"797","1256","Chuk"
"798","1256","Hogoley Islands"
"799","1256","Truk"
"800","1278","Côtes-du-Nord"
"801","1392","Nʿgounié"
"802","1397","Woleu-Nʿtem"
"803","1398","Siorrachd Obar Dheathain"
"804","1399","Aberdeen City"
"805","1401","Ynys MÃ´n"
"806","1413","Pen-y-bont ar Ogwr"
"807","1429","City of Bristol"
"808","1432","Caerffili"
"809","1443","Sir Gaerfyrddin"
"810","1444","Cornwall and Isles of Scilly"
"811","1446","Caerdydd"
"812","1449","Aberconwy and Colwyn"
"813","1452","Sir Ddinbych"
"814","1458","Dundee City"
"815","1466","City of Edinburgh"
"816","1469","Western Isles"
"817","1471","England"
"818","1479","Sir y Fflint"
"819","1481","Glasgow City"
"820","1490","County of Herefordshire"
"821","1505","City of Kingston upon Hull"
"822","1528","Sir Fynwy"
"823","1531","Merthyr Tudful"
"824","1540","Northern Ireland"
"825","1546","Castell-nedd Porth Talbot"
"826","1550","Casnewydd"
"827","1557","Sir Benfro"
"828","1566","Rhondda Cynon TÃ¢f"
"829","1575","The Scottish Border"
"830","1576","Scotland"
"831","1600","Abertawe"
"832","1607","Tor-faen"
"833","1611","The Vale of Glamorgan"
"834","1621","Wales"
"835","1629","Wrecsam"
"836","1641","Abhasia"
"837","1642","Achara"
"838","1642","Adžaria"
"839","1642","Adzharia"
"840","1645","Kaheti"
"841","1647","Mcheta-Mtianeti"
"842","1648","Racha"
"843","1648","Racha-Lechkumi and Kverno Svaneti"
"844","1649","Samche-Žavaheti"
"845","1650","Šida Kartli"
"846","1652","Tiflis"
"847","1654","Asante"
"848","1668","Lower River"
"849","1670","North Bank"
"850","1671","Upper River"
"851","1672","Western"
"852","1686","Forécaria"
"853","1723","Aetolia and Acarnania"
"854","1723","Áitoloakarnanía"
"855","1724","Boeotia"
"856","1725","Euboea"
"857","1725","Evvoia"
"858","1726","Evrytania"
"859","1727","Phtiotis"
"860","1728","Phocis"
"861","1728","Phokis"
"862","1729","Argolis"
"863","1730","Arcadia"
"864","1731","Achaia"
"865","1731","Akhaia"
"866","1732","Elia"
"867","1733","Corinth"
"868","1733","Korinth"
"869","1733","Kórinthos"
"870","1734","Laconia"
"871","1735","Messenia"
"872","1736","Zakynthos"
"873","1736","Zante"
"874","1736","Zanti"
"875","1737","Corfu"
"876","1737","Kerkyra"
"877","1737","Korfu"
"878","1738","Cephalonia"
"879","1738","Kefallinia"
"880","1739","Leucas"
"881","1739","Levkáda"
"882","1739","Santa Maura"
"883","1742","Yannina"
"884","1745","Larissa"
"885","1746","Magnesia"
"886","1746","Magnessia"
"887","1747","Trikala"
"888","1747","Trikkala"
"889","1751","Salonika"
"890","1751","Salonike"
"891","1751","Saloniki"
"892","1751","Thessalonike"
"893","1752","Cavalla"
"894","1752","Kaválla"
"895","1758","Serres"
"896","1760","Chalcidice"
"897","1760","Khalkikdiki"
"898","1761","Aghion Oros"
"899","1761","Agion Oros"
"900","1761","Akte"
"901","1761","Aktí"
"902","1761","Athos"
"903","1761","Mount Athos"
"904","1764","Rhodope"
"905","1765","Dodecanese"
"906","1765","Dodekanes"
"907","1766","Cyclades"
"908","1766","Kykladen"
"909","1767","Lesbos"
"910","1769","Chios"
"911","1769","Khios"
"912","1770","Candia"
"913","1770","Herakleion"
"914","1770","Heraklion"
"915","1770","Iraclion"
"916","1770","Iraklio"
"917","1771","Lassithi"
"918","1772","Rethymno"
"919","1773","Canea"
"920","1773","Chania"
"921","1773","Khaniá"
"922","1773","La Canée"
"923","1775","Attica"
"924","1775","Attika"
"925","1801","Quetzaltenango"
"926","1814","Cacheo"
"927","1865","Vukovar-Sirmium"
"928","1866","Split-Dalmatia"
"929","1867","Istria"
"930","1871","LʿArtibonite"
"931","1873","Grande Anse"
"932","1876","Nip"
"933","1904","Novohrad"
"934","1926","Kepulauan Bangka-Belitung"
"935","1944","Gewürzinseln"
"936","1944","Moluccas"
"937","1944","Molukken"
"938","1944","Spice Islands"
"939","1951","Papua Barat/ Irian Jaya Barat"
"940","1965","An Clár"
"941","1966","An Cabhán"
"942","1967","Corcaigh"
"943","1968","Ceatharlach"
"944","1969","Átha Cliath"
"945","1970","Dún na nGall"
"946","1971","Gaillimh"
"947","1972","Cill Dara"
"948","1973","Cill Chainnigh"
"949","1974","Ciarraí"
"950","1974","Ciarraighe"
"951","1976","Longphort"
"952","1976","Longphuirt"
"953","1977","Lú"
"954","1977","Lughbhadh"
"955","1978","Luimneach"
"956","1979","Liathdroim"
"957","1980","Laoighis"
"958","1980","Queenʿs"
"959","1982","An Mhí"
"960","1982","An Mhídhe"
"961","1983","Muineachán"
"962","1984","Maigh Eo"
"963","1985","Kingʿs"
"964","1985","Kingʿs County"
"965","1985","Ua Uíbh Fhailí"
"966","1985","Uí Fáilghe"
"967","1986","Ros Comáin"
"968","1987","Sligeach"
"969","1988","Tiobraid Árann"
"970","1990","Port Láirge"
"971","1991","An Iarmhidhe"
"972","1992","Cill Maintain"
"973","1992","Cill Mhanntáin"
"974","1993","Loch Garman"
"975","1994","Southern"
"976","1995","Haifa"
"977","1995","Haifa"
"978","1995","Haifa"
"979","1995","H̱efa"
"980","1995","Hefa"
"981","1996","al-Quds"
"982","1996","Jérusalem"
"983","1996","Jerusalem"
"984","1996","Jerusalén"
"985","1996","Yerushalayim"
"986","1997","Central"
"987","1999","Northern"
"988","2014","Vananchal"
"989","2016","Kanara"
"990","2018","Laccadive"
"991","2018","Lakkadiven"
"992","2029","Denjong"
"993","2034","West Bengal"
"994","2035","al-Anbar"
"995","2036","Arbil"
"996","2036","Erbil"
"997","2036","Irbil"
"998","2037","al-Basrah"
"999","2037","Basra"
"1000","2037","Bassora"
"1001","2038","Babil"
"1002","2038","Babylon"
"1003","2039","Bagdad"
"1004","2039","Bagdad"
"1005","2039","Baġdād"
"1006","2040","Dahuk"
"1007","2041","Diyala"
"1008","2042","Dhi Qar"
"1009","2042","Thi Qar"
"1010","2043","Karbala"
"1011","2043","Kerbala"
"1012","2043","Kerbela"
"1013","2045","al-Muthanna"
"1014","2046","Najaf"
"1015","2046","Nedjef"
"1016","2046","Nejef"
"1017","2047","Nineveh"
"1018","2047","Niniveh"
"1019","2048","al-Qadisiyah"
"1020","2049","Salah-ad-Din"
"1021","2050","as-Sulaymaniyah"
"1022","2050","Sulaymaniya"
"1023","2050","Sulaymānīyah"
"1024","2051","at-Tamim"
"1025","2052","Wasit"
"1026","2053","Azarbayjān-e Khavari"
"1027","2053","East Azerbaijan"
"1028","2054","Azarbayjān-e Bakhtari"
"1029","2054","West Azerbaijan"
"1030","2055","Ardabil"
"1031","2055","Ardebil"
"1032","2056","Isfahan"
"1033","2057","Ilam"
"1034","2059","Teheran"
"1035","2060","Chaharmahal Bakhtiari"
"1036","2061","Khorasan"
"1037","2062","Arabistan"
"1038","2065","Sistan-e Baluchistan"
"1039","2068","Kurdestan"
"1040","2068","Kurdistan"
"1041","2069","Bakhtaran"
"1042","2070","Boyer Ahmad-e Kohkiluyeh"
"1043","2070","Kohkilouyeh"
"1044","2071","Gilan"
"1045","2073","Mazandaran"
"1046","2076","Hamedan"
"1047","2093","Piémont"
"1048","2094","Vallée dʿAoste"
"1049","2095","Lombardei"
"1050","2095","Lombardia"
"1051","2095","Lombardie"
"1052","2096","Trentin-Haut Adige"
"1053","2097","Vénétie"
"1054","2098","Frioul-Vénétie Julienne"
"1055","2099","Ligurie"
"1056","2099","Ligurien"
"1057","2100","Émilie-Romagne"
"1058","2101","Toscane"
"1059","2102","Ombrie"
"1060","2103","Marches"
"1061","2103","Marken"
"1062","2104","Latium"
"1063","2105","Abruzzen"
"1064","2105","Abruzzi"
"1065","2105","Abruzzo"
"1066","2107","Campanie"
"1067","2108","Apulien"
"1068","2108","Le Puglie"
"1069","2108","Pouilles"
"1070","2108","Puglia"
"1071","2109","Basilicate"
"1072","2110","Calabre"
"1073","2111","Sicile"
"1074","2111","Sicilia"
"1075","2111","Sicilie"
"1076","2111","Sizilien"
"1077","2112","Sardaigne"
"1078","2112","Sardigna"
"1079","2112","Sardinia"
"1080","2112","Sardinien"
"1081","2130","Barletta-Andria-Trani"
"1082","2149","Fermo"
"1083","2163","Monza e Brianza"
"1084","2237","Ajloan"
"1085","2237","Ajlun"
"1086","2238","Amman"
"1087","2239","Akaba"
"1088","2239","al-Aqaba"
"1089","2239","Aqaba"
"1090","2239","Aqqaba"
"1091","2240","at-Tafilah"
"1092","2240","Tafiela"
"1093","2240","Tafileh"
"1094","2241","Zarka"
"1095","2241","Zarqa"
"1096","2241","Zerka"
"1097","2243","Irbit"
"1098","2244","Jarash"
"1099","2244","Jerash"
"1100","2245","Karak"
"1101","2245","Kerak"
"1102","2246","Mafraq"
"1103","2247","Madaba"
"1104","2247","Maʿdabâ"
"1105","2247","Maʿdaba"
"1106","2248","Maan"
"1107","2248","Maʿan"
"1108","2261","Tokio"
"1109","2261","Tokyo"
"1110","2274","Kyoto"
"1111","2275","Osaka"
"1112","2276","Hyogo"
"1113","2287","Kochi"
"1114","2292","Oita"
"1115","2305","Chu"
"1116","2305","Chui"
"1117","2305","Chuy"
"1118","2305","Çüy"
"1119","2306","Bishkek"
"1120","2306","Kenesh Bishkek"
"1121","2308","Naryn"
"1122","2309","Osh"
"1123","2311","Balikchi"
"1124","2311","Balıkçı"
"1125","2311","Balykchy"
"1126","2311","Issyk-Kul"
"1127","2313","Kratié"
"1128","2314","Mondolkiri"
"1129","2315","Phnom Penh"
"1130","2317","Prey Vêng"
"1131","2318","Poŭthĭsăt"
"1132","2318","Pursat"
"1133","2319","Ratanakiri"
"1134","2319","Rôtanah Kiri"
"1135","2319","Rotanokiri"
"1136","2320","Siem Reap"
"1137","2320","Siemréab"
"1138","2321","Preah Seihânu"
"1139","2321","Sihanoukville"
"1140","2322","Stoeng Trêng"
"1141","2322","Stung Treng"
"1142","2323","Batdâmbâng"
"1143","2323","Battambang"
"1144","2325","Takeo"
"1145","2325","Takêv"
"1146","2329","Kompong Cham"
"1147","2330","Kompong Chhnang"
"1148","2331","Kompong Speu"
"1149","2331","Kompong Spoe"
"1150","2332","Kompong Thom"
"1151","2332","Kompong Thum"
"1152","2335","Koh Kong"
"1153","2338","Abariringa"
"1154","2338","Canton"
"1155","2338","Gardner"
"1156","2338","Hull"
"1157","2338","Kanton"
"1158","2338","Kemins"
"1159","2338","Manra"
"1160","2338","Mary Island"
"1161","2338","Nikumaroro"
"1162","2338","Orona"
"1163","2338","Phoenix"
"1164","2338","R"
"1165","2339","Anjouan"
"1166","2339","Ndzuwani"
"1167","2339","Nzwani"
"1168","2340","Grande Comore"
"1169","2340","Njazídja"
"1170","2341","Mohéli"
"1171","2341","Mohilla"
"1172","2341","Moili"
"1173","2358","Pyongyang"
"1174","2359","Pyongannamdo"
"1175","2359","South Phyongan"
"1176","2359","South Pyongan"
"1177","2360","North Phyongan"
"1178","2360","North Pyongan"
"1179","2360","Pyonganbukto"
"1180","2361","Chagang"
"1181","2361","Jagang"
"1182","2362","South Hwanghae"
"1183","2363","North Hwanghae"
"1184","2364","Gangweon"
"1185","2364","Kangweon"
"1186","2364","Kangwon"
"1187","2365","Hamgyongnamdo"
"1188","2365","South Hamgyong"
"1189","2366","Hamgyongbukto"
"1190","2366","North Hamgyong"
"1191","2367","Ryanggang"
"1192","2368","Nason (Najin-Sonbong)"
"1193","2369","Seoul"
"1194","2369","Soul"
"1195","2370","Busan"
"1196","2371","Daegu"
"1197","2372","Incheon"
"1198","2372","Inchon"
"1199","2373","Gwangju"
"1200","2374","Daejeon"
"1201","2374","Taejeon"
"1202","2374","Taejon"
"1203","2377","Kangwon"
"1204","2378","North Chungchong"
"1205","2379","South Chungchong"
"1206","2380","Chollapuk"
"1207","2380","North Cholla"
"1208","2381","South Cholla"
"1209","2382","North Kyongsang"
"1210","2383","Gyeongsangnamdo/ Kyongsang-namdo/ South Kyongsang"
"1211","2384","Jeju"
"1212","2384","Quelpart"
"1213","2385","Ahmadi"
"1214","2386","Farwaniyah"
"1215","2387","Hawalli"
"1216","2388","Al Jahra"
"1217","2388","al-Jahra"
"1218","2388","al-Jahraʿ"
"1219","2388","Jahra"
"1220","2388","Jahrah"
"1221","2389","al-Kuwayt"
"1222","2389","Capital"
"1223","2389","Koweit"
"1224","2389","Kuwait"
"1225","2389","Kuwayt"
"1226","2398","Akmola"
"1227","2398","Aķmola"
"1228","2398","Akmolinsk"
"1229","2398","Celinograd"
"1230","2398","Tselinograd"
"1231","2399","Aktjubinsk"
"1232","2399","Aktöbe"
"1233","2399","Aktyubinsk"
"1234","2399","Aktʿubinsk"
"1235","2400","Almati Oblasti"
"1236","2400","Almatı"
"1237","2400","Almaty Oblasty"
"1238","2403","Ateransk"
"1239","2403","Aterau"
"1240","2403","Atirau"
"1241","2403","Atırau"
"1242","2403","Gurjev"
"1243","2403","Guryev"
"1244","2405","Karaganda"
"1245","2405","Karagandi"
"1246","2405","Ķaragandı"
"1247","2405","Karagandy"
"1248","2405","Qaraghandy"
"1249","2406","Kostanay"
"1250","2406","Ķostanay"
"1251","2406","Kustanai"
"1252","2406","Kustanaj"
"1253","2406","Kustanay"
"1254","2407","Ak-Mechet"
"1255","2407","Kizilorda"
"1256","2407","Ķızılorda"
"1257","2407","Kyzyl-Orda"
"1258","2407","Kyzylorda"
"1259","2407","Kzyl-Orda"
"1260","2407","Qyzylorda"
"1261","2408","Mangghystau"
"1262","2408","Mangistau"
"1263","2408","Mangkistau"
"1264","2408","Mangqystau"
"1265","2410","Northern Kazakhstan"
"1266","2410","Soltüstik Kazakstan"
"1267","2410","Soltüstik Qazaqstan"
"1268","2411","Eastern Kazakhstan"
"1269","2411","Shyghys Qazaqstan"
"1270","2411","Sigis Kazakstan"
"1271","2412","Ongtüstik Qazaqstan"
"1272","2412","Ongtüstük Kazakstan"
"1273","2412","Southern Kazakhstan"
"1274","2413","Batis Kazakstan"
"1275","2413","Batys Qazaqstan"
"1276","2413","Uralsk"
"1277","2413","Uralskaya Oblast"
"1278","2413","Western Kazakhstan"
"1279","2414","Aulie-Ata"
"1280","2414","Auliye-Ata"
"1281","2414","Cambil"
"1282","2414","Cambıl"
"1283","2414","Djambul"
"1284","2414","Dzhambul"
"1285","2414","Zhambul"
"1286","2414","Zhambül"
"1287","2414","Zhambyl"
"1288","2415","Attapu"
"1289","2415","Attopei"
"1290","2415","Attopeu"
"1291","2417","Bolikhamsai"
"1292","2417","Bolikhamxai"
"1293","2417","Borikhamxai"
"1294","2418","Champasack"
"1295","2418","Champassak"
"1296","2419","Houaphan"
"1297","2421","Louang Namtha"
"1298","2421","Louangnamtha"
"1299","2421","Luang Namtha"
"1300","2421","Luong Nam Tha"
"1301","2422","Louang Phrabang"
"1302","2422","Louang Prabang"
"1303","2422","Louangphrabang"
"1304","2422","Luang Phrabang"
"1305","2423","Oudomsai"
"1306","2423","Oudomsay"
"1307","2424","Phongsali"
"1308","2425","Saravane"
"1309","2427","Vientiane Province"
"1310","2428","Viangchan City"
"1311","2428","Vientiane City"
"1312","2429","Sayaboury"
"1313","2429","Sayabury"
"1314","2429","Xaignaboury"
"1315","2430","Xékong"
"1316","2431","Xiang Khouang"
"1317","2431","Xiangkhouang"
"1318","2431","Xiangkhuang"
"1319","2431","Xieng Khouang"
"1320","2432","Xaisômboun"
"1321","2434","Ash Shamal"
"1322","2434","North"
"1323","2435","Bayrout"
"1324","2435","Bayrut"
"1325","2435","Beirut"
"1326","2435","Beyrout"
"1327","2435","Beyrouth"
"1328","2435","Beyrût"
"1329","2437","Bekaa"
"1330","2438","South"
"1331","2439","Mount Lebanon"
"1332","2440","Nabatiyeh"
"1333","2457","Ruggel"
"1334","2463","Mel mākāṇam"
"1335","2464","Colombo"
"1336","2464","Colombo"
"1337","2464","Kolamba"
"1338","2467","Mattiya mākāṇam"
"1339","2468","Maha Nuwara"
"1340","2468","Mahe Nuwara"
"1341","2471","Tĕṉ mākāṇam"
"1342","2472","Gālla"
"1343","2475","Vaṭakku mākāṇam"
"1344","2476","Yāpanaya"
"1345","2476","Yapnaya"
"1346","2478","Manar"
"1347","2478","Mannar"
"1348","2478","Mannerama"
"1349","2479","Vavuniyāwa"
"1350","2480","Mulativu"
"1351","2481","Kil̮akku mākāṇam"
"1352","2482","Mad̨akalpūwa"
"1353","2483","Ampara"
"1354","2484","Tirikunāmalaya"
"1355","2484","Trinkomali"
"1356","2485","Vaṭamel mākāṇam"
"1357","2487","Puttalam"
"1358","2488","Vaṭamattiya mākāṇam"
"1359","2489","Anuradhapur"
"1360","2489","Anurādhapūraya"
"1361","2490","Polonaruwa"
"1362","2490","Polunnaruwa"
"1363","2491","Ūvā mākāṇam"
"1364","2493","Monaragalla"
"1365","2493","Moneragala"
"1366","2494","Chappirakamuva mākāṇam"
"1367","2495","Ratnapūraya"
"1368","2496","Kegalle"
"1369","2501","Grand Gedah"
"1370","2523","Klaipedos"
"1371","2525","Mariampoles"
"1372","2526","Panevezhio"
"1373","2527","Shiauliu"
"1374","2528","Taurages"
"1375","2529","Telshiu"
"1376","2534","Luxemburg"
"1377","2671","Ţarābulus"
"1378","2671","Tripoli"
"1379","2671","Tripoli"
"1380","2683","Dar el Beida"
"1381","2683","Grand Casablanca"
"1382","2829","Tamatave"
"1383","2830","Antseranana"
"1384","2830","Diégo Suarez"
"1385","2831","Fianar"
"1386","2832","Majunga"
"1387","2833","Tananarive"
"1388","2834","Toliara"
"1389","2834","Tuléar"
"1390","2836","Ailinglaplap"
"1391","2839","Epoon"
"1392","2840","Eniwetok"
"1393","2841","Jabat"
"1394","2842","Jālwōj"
"1395","2843","Kōle"
"1396","2844","Kuwajleen"
"1397","2847","Ellep"
"1398","2849","Mājro"
"1399","2851","Mājeej"
"1400","2854","Namo"
"1401","2858","Utirik"
"1402","2858","Utrōk"
"1403","2858","Utrōnk"
"1404","2859","Wōtto"
"1405","2955","Pegu"
"1406","2956","Magwe"
"1407","2958","Tenasserim"
"1408","2959","Rangoun"
"1409","2959","Rangun"
"1410","2959","Rangún"
"1411","2959","Yangon"
"1412","2960","Irrawaddy"
"1413","2963","Karen"
"1414","2966","Arakan"
"1415","2970","Hentii"
"1416","2970","Khentii"
"1417","2971","Hovsgol"
"1418","2971","Khuvsgul"
"1419","2972","Khovd"
"1420","2974","Tov"
"1421","2976","Sukhbaatar"
"1422","2977","Omnogobi"
"1423","2978","Ovorhangai"
"1424","2978","Uvurkhangai"
"1425","2979","Zavkhan"
"1426","2980","Dundgobi"
"1427","2982","Dornogobi"
"1428","2983","Gobisumber"
"1429","2984","Gobi-Altai"
"1430","2984","Gobi-Altay"
"1431","2986","Bayanhongor"
"1432","2986","Bayankhongor"
"1433","2987","Bayan-Olgii"
"1434","2987","Bayan-Ulgii"
"1435","2988","Arhangai"
"1436","2988","Arhangay"
"1437","2988","Arkhangai"
"1438","2992","Hodh ech Chargui"
"1439","2992","Hud-ash-Sharqi"
"1440","2992","Huđ-aš-Šarqi"
"1441","2993","Hodh el Gharbi"
"1442","2993","Hud-al-Garbi"
"1443","2993","Huđ-al-Ġarbi"
"1444","2994","Açaba"
"1445","2994","aş-Şabah"
"1446","2995","Gorgol"
"1447","2999","Dakhlat Nawadibu"
"1448","2999","Dakhlet Nouadhibou"
"1449","2999","Đaẖlat Nawadību"
"1450","3000","Tagant"
"1451","3001","Guidimaka"
"1452","3002","Tiris Zammūr"
"1453","3002","Tiris Zammur"
"1454","3002","Tiris Zemmour"
"1455","3003","Inchiri"
"1456","3003","Inširi"
"1457","3004","Anwāksūţ"
"1458","3004","Nawakshut"
"1459","3004","Nawākšūţ"
"1460","3004","Nouakchott"
"1461","3090","Alif Atoll Uthuru"
"1462","3090","Alif Dhâl"
"1463","3090","Ari Atholhu Dhekunuburi"
"1464","3090","South Ari Atoll"
"1465","3091","Addu"
"1466","3091","Addu Atholhu"
"1467","3091","Addu Atoll"
"1468","3091","Seenu"
"1469","3091","Sîn"
"1470","3092","Alif Atoll Dhekunu"
"1471","3092","Ari Atholhu Uthuruburi"
"1472","3092","North Ari Atoll"
"1473","3093","Faadhippolhu"
"1474","3093","Fadiffolu"
"1475","3093","Laviyani"
"1476","3094","Felidhe Atholhu"
"1477","3094","Felidhu Atoll"
"1478","3094","Felidu"
"1479","3094","Vaafu"
"1480","3094","Vaavu"
"1481","3094","Vâv"
"1482","3095","Haddumati"
"1483","3095","Hadhdhunmathi"
"1484","3095","Hadhunmathi"
"1485","3095","Laamu"
"1486","3095","Lâm"
"1487","3096","Hâ Alif"
"1488","3096","Haa Alifu"
"1489","3096","North Thiladhunmathi"
"1490","3096","Thiladhunmathi Uthuruburi"
"1491","3096","Tiladummati-North"
"1492","3097","Kolhumadhulu"
"1493","3097","Kolhumadulu"
"1494","3097","Kolumadulu"
"1495","3097","Thâ"
"1496","3098","Meemu"
"1497","3098","Mîm"
"1498","3098","Mimu"
"1499","3098","Mulakatholhu"
"1500","3098","Mulaku"
"1501","3098","Mulaku Atholhu"
"1502","3099","Maalhosmadhulu Uthuruburi"
"1503","3099","Malosmadulu-North"
"1504","3099","North Maalhosmadhulu"
"1505","3099","Râ"
"1506","3100","Faafu"
"1507","3100","Faafu Atoll"
"1508","3100","Fâf"
"1509","3100","Nilandhe Atholhu Uthuruburi"
"1510","3100","Nilandu-North"
"1511","3100","North Nilandhe"
"1512","3100","North Nilandhe"
"1513","3101","Dhaalu"
"1514","3101","Dhâl"
"1515","3101","Nilandhe Atholhu Dhekunuburi"
"1516","3101","Nilandu-South"
"1517","3101","South Nilandhe Atoll"
"1518","3102","Bâ"
"1519","3102","Maalhosmadhulu Dhekunuburi"
"1520","3102","Malosmadulu-South"
"1521","3102","South Maalhosmadhulu"
"1522","3103","Hâ Dhâl"
"1523","3103","Haa Dhaalu"
"1524","3103","South Thiladhunmathi"
"1525","3103","Thiladhunmathi Dhekunuburi"
"1526","3103","Tiladummati-South"
"1527","3104","Miladhunmadhulu Uthuruburi"
"1528","3104","Miladummadulu-North"
"1529","3104","North Miladhunmadhulu"
"1530","3105","Miladhunmadhulu Dhekunuburi"
"1531","3105","Miladummadulu-South"
"1532","3105","Mulakatholhu"
"1533","3105","Noonu"
"1534","3105","Nûn"
"1535","3105","South Miladhunmadhulu"
"1536","3106","Kaafu"
"1537","3106","Kâf"
"1538","3106","Malé Atoll"
"1539","3106","Maleʿ Atholhu"
"1540","3107","Gaafu Alifu"
"1541","3107","Gâf Alif"
"1542","3107","Huvadhu Atholhu Uthuruburi"
"1543","3107","North Huvadhu Atoll"
"1544","3107","Suvadiva-Huvadu-North"
"1545","3108","Gaafu Dhaalu"
"1546","3108","Gâf Dhâl"
"1547","3108","Huvadhu Atholhu Dhekunuburi"
"1548","3108","South Huvadhu"
"1549","3108","Suvadiva-Huvadu-South"
"1550","3109","Foah Mulah"
"1551","3109","Foahmulah"
"1552","3109","Foammulah"
"1553","3109","Foamulah"
"1554","3109","Fua Mulak"
"1555","3109","Fuamulaku"
"1556","3109","Fuvahmulah"
"1557","3109","Gnyaviani"
"1558","3110","Medhu"
"1559","3111","Maale"
"1560","3111","Mâle"
"1561","3112","Medhu-Uthuru"
"1562","3113","Uthuru"
"1563","3114","Medhu-Dhekunu"
"1564","3115","Dhekunu"
"1565","3116","Mathi-Uthuru"
"1566","3117","Mathi-Dhekunu"
"1567","3185","Negri Sembilan"
"1568","3208","Liambezi"
"1569","3216","Okavango"
"1570","3219","Otjikoto"
"1571","3226","Tillaberi"
"1572","3230","Adamaoua"
"1573","3230","Gongola"
"1574","3240","Bendel"
"1575","3254","Nasarawa"
"1576","3266","RAAN"
"1577","3266","Región Autónoma Atlántico Norte"
"1578","3266","Zelaya Norte"
"1579","3267","RAAS"
"1580","3267","Región Autónoma Atlántico Sur"
"1581","3267","Zelaya Sur"
"1582","3291","Gueldre"
"1583","3292","Groninga"
"1584","3292","Groningue"
"1585","3319","Finnmarku"
"1586","3348","Denigomodu"
"1587","3362","Wanganui-Manawatu"
"1588","3376","Ad Dakhiliya"
"1589","3377","Mascate"
"1590","3377","Maskat"
"1591","3377","Masqaţ"
"1592","3379","Ash Sharqiyah"
"1593","3381","Adh Dhahirah"
"1594","3396","Anqas"
"1595","3398","Areqepa"
"1596","3399","Ayakuchu"
"1597","3402","Cuzco"
"1598","3402","Qosqo"
"1599","3421","Chimbu"
"1600","3421","Simbúa"
"1601","3422","Papua Central"
"1602","3423","New Britain East"
"1603","3424","Highlands East"
"1604","3426","Sepik East"
"1605","3427","Papua Gulf"
"1606","3431","Great Admiralty Island"
"1607","3431","Mwanus"
"1608","3433","Niu Ailan"
"1609","3434","Northern"
"1610","3436","West Sepik"
"1611","3437","Highlands South"
"1612","3438","New Britain West"
"1613","3439","Highlands West"
"1614","3440","Papua West"
"1615","3440","Western"
"1616","3441","National Capital Region"
"1617","3441","National Capital Region Region"
"1618","3443","Cagayan"
"1619","3454","Muslim Mindanao"
"1620","3455","Cordillera"
"1621","3455","Cordillera Administrative Region"
"1622","3486","Davao"
"1623","3509","North Cotabato"
"1624","3519","Angkaki"
"1625","3533","Western Samar"
"1626","3543","Khaībar Pakhtūnkhwā"
"1627","3547","Dolnoslaskie"
"1628","3551","Lodzkie"
"1629","3552","Malopolskie"
"1630","3558","Swietokrzyskie"
"1631","3559","Slaskie"
"1632","3560","Warminsko-Mazurskie"
"1633","3607","Ngarchelong"
"1634","3611","Ngeremlengui"
"1635","3618","Neembucú"
"1636","3620","Canindeyú"
"1637","3620","Canindiyú"
"1638","3633","ad-Dawh̨ah"
"1639","3633","ad-Dawhah"
"1640","3633","Dawhah"
"1641","3633","Doha"
"1642","3633","Doha"
"1643","3633","Doha"
"1644","3633","Doha"
"1645","3634","al-H̱awr"
"1646","3634","al-Khawr"
"1647","3634","al-Khour"
"1648","3634","H̱ūr"
"1649","3635","ash-Shamal"
"1650","3636","ar-Rayyan"
"1651","3636","Rayyan"
"1652","3637","Umm Shalal"
"1653","3638","Wakra"
"1654","3638","Wakrah"
"1655","3639","Mesaieed"
"1656","3642","Arges"
"1657","3644","Bucarest"
"1658","3644","Bucarest"
"1659","3644","Bucureşti"
"1660","3644","Bucuresti"
"1661","3644","Bukarest"
"1662","3645","Bacau"
"1663","3647","Bistrita-Nasaud"
"1664","3648","Braila"
"1665","3649","Botosani"
"1666","3650","Brasov"
"1667","3651","Buzau"
"1668","3653","Calarasi"
"1669","3654","Caras-Severin"
"1670","3655","Constanta"
"1671","3655","Konstanza"
"1672","3657","Dambovita"
"1673","3657","Dîmboviţa"
"1674","3657","Dimbovita"
"1675","3660","Galati"
"1676","3660","Galatz"
"1677","3664","Sectorul Agricol Ilfov"
"1678","3665","Ialomita"
"1679","3666","Iasi"
"1680","3666","Jasch"
"1681","3666","Jassy"
"1682","3666","Yassy"
"1683","3667","Mehedinti"
"1684","3668","Maramures"
"1685","3669","Mures"
"1686","3670","Neamt"
"1687","3674","Salaj"
"1688","3678","Timis"
"1689","3680","Vîlcea"
"1690","3713","Adygei Republic"
"1691","3713","Adygeja"
"1692","3714","Altaj"
"1693","3714","Altay"
"1694","3714","Gorno-Altaj"
"1695","3715","Altai Kray"
"1696","3715","Altaj"
"1697","3715","Altajskij Kray"
"1698","3715","Altajskiy Kraj"
"1699","3716","Amurskaja Oblast"
"1700","3717","Arhangelsk"
"1701","3717","Arhangelskaja Oblast"
"1702","3718","Astrahan"
"1703","3718","Astrahanska Oblast"
"1704","3719","Baškortostan"
"1705","3720","Belgorodskaja Oblast"
"1706","3721","Brjansk"
"1707","3721","Brjanskaja Oblast"
"1708","3722","Burjatija"
"1709","3722","Buryat Republic"
"1710","3723","Čečenija"
"1711","3723","Čečens"
"1712","3723","Čečenskaja Respublika"
"1713","3723","Chechen"
"1714","3723","Chechenia"
"1715","3723","Ichkeria"
"1716","3723","Ičkeria"
"1717","3724","Čeljabinsk"
"1718","3724","Čeljabinskaja Oblast"
"1719","3724","Cheljabinsk"
"1720","3725","Chuckchi"
"1721","3725","Čukči"
"1722","3725","Čukotka"
"1723","3725","Čukotskij Avtonomnyj Okrug"
"1724","3726","Chuvash Republic"
"1725","3726","Chuvashskaya Respublika"
"1726","3726","Čuvašija"
"1727","3726","Čuvašskaja Respublika"
"1728","3728","Ingušetija"
"1729","3728","Ingushetija"
"1730","3729","Irkutskaja Oblast"
"1731","3730","Ivanovskaja Oblast"
"1732","3731","Kamčatka"
"1733","3731","Kamčatskaja Oblast"
"1734","3731","Kamchatskaya Oblast"
"1735","3732","Kabardino-Balkarian Republic"
"1736","3732","Kabardino-Balkarija"
"1737","3732","Kabardino-Balkarskaja Respublika"
"1738","3733","Karačaj-Čerkessija"
"1739","3733","Karačajevo-Čerkesskaja Respublika"
"1740","3733","Karachay-Cherkessian"
"1741","3734","Krasnodarskij Kraj"
"1742","3735","Kemerovskaja Oblast"
"1743","3736","Kaliningradskaja Oblast"
"1744","3737","Kurganskaja Oblast"
"1745","3738","Habarovsk"
"1746","3738","Habarovskij Kray"
"1747","3739","Hanty-Mansija"
"1748","3739","Hanty-Mansijskij Avtonomnyj Okrug"
"1749","3740","Kirovskaja Oblast"
"1750","3741","Hakasija"
"1751","3741","Khakass Republic"
"1752","3742","Halmg-Tangč"
"1753","3742","Kalmyk Republic"
"1754","3742","Kalmykija"
"1755","3742","Khalmg-Tangch"
"1756","3743","Kaluzhskaya Oblast"
"1757","3743","Kalužskaja Oblast"
"1758","3745","Kostromskaja Oblast"
"1759","3746","Karelian Republic"
"1760","3746","Karelija"
"1761","3747","Kurskaja Oblast"
"1762","3748","Krasnojarsk"
"1763","3748","Krasnojarsk"
"1764","3748","Krasnojarskij Kraj"
"1765","3749","Leningradskaja Oblast"
"1766","3750","Lipeck"
"1767","3750","Lipeckaja Oblast"
"1768","3751","Magadanskaja Oblast"
"1769","3752","Marij El"
"1770","3752","Mariy El"
"1771","3753","Mordovian Republic"
"1772","3753","Mordovija"
"1773","3754","Moscou"
"1774","3754","Moscú"
"1775","3754","Moskau"
"1776","3754","Moskva"
"1777","3755","Moskovskaja Oblast"
"1778","3756","Murmanskaja Oblast"
"1779","3757","Nenetskij Avtonomnyj Okrug"
"1780","3758","Novgorodskaja Oblast"
"1781","3759","Gorki"
"1782","3759","Gorkij"
"1783","3759","Gorky"
"1784","3759","Nižegorodskaja Oblast"
"1785","3759","Nizhegorodskaya Oblast"
"1786","3759","Nižnij Novgorod"
"1787","3760","Novosibirskaja Oblast"
"1788","3761","Omskaja Oblast"
"1789","3762","Orenburgskaja Oblast"
"1790","3763","Orjol"
"1791","3763","Orlovskaja Oblast"
"1792","3764","Permskaja Oblast"
"1793","3765","Penzenskaja Oblast"
"1794","3766","Primorje"
"1795","3766","Primorskij"
"1796","3766","Primorskij Kraj"
"1797","3767","Pihkva"
"1798","3767","Pleskau"
"1799","3767","Pskovskaja Oblast"
"1800","3768","Rostovskaja Oblast"
"1801","3769","Rjazan"
"1802","3769","Rjazanskaja Oblast"
"1803","3770","Jakutija"
"1804","3770","Saha"
"1805","3770","Sakha"
"1806","3770","Yakutsk-Sakha"
"1807","3771","Sahalin"
"1808","3771","Sahalinskaya Oblast"
"1809","3772","Samarskaja Oblast"
"1810","3773","Saratovskaja Oblast"
"1811","3774","Alania"
"1812","3774","Alanija"
"1813","3774","North Ossetian Republic"
"1814","3774","Osetija"
"1815","3775","Smolenskaja Oblast"
"1816","3776","Saint-Pétersbourg"
"1817","3776","San Petersburgo"
"1818","3776","San Pietroburgo"
"1819","3776","Sankt Petersburg"
"1820","3776","Sankt-Peterburg"
"1821","3777","Stavropolskij Kraj"
"1822","3778","Sverdlovskaja Oblast"
"1823","3780","Tambovskaja Oblast"
"1824","3781","Tomskaja Oblast"
"1825","3782","Tulskaja Oblast"
"1826","3783","Tverskaja Oblast"
"1827","3784","Tuva"
"1828","3785","Tjumen"
"1829","3785","Tjumenskaja Oblast"
"1830","3785","Tumen"
"1831","3786","Udmurt Republic"
"1832","3786","Udmurtija"
"1833","3786","Udmurtskaya Respublika"
"1834","3787","Uljanovsk"
"1835","3787","Uljanovskaja Oblast"
"1836","3788","Volgogradskaja Oblast"
"1837","3789","Vladimirskaja Oblast"
"1838","3790","Vologodskaja Oblast"
"1839","3791","Voronež"
"1840","3791","Voronežskaja Oblast"
"1841","3792","Komi-Permjak"
"1842","3792","Komi-Permjatskij Avtonomnyj Okrug"
"1843","3793","Jamalija"
"1844","3793","Jamalo-Nenets"
"1845","3793","Jamalo-Nenetskij Avtonomnyj Okrug"
"1846","3794","Jaroslavl"
"1847","3794","Jaroslavskaja Oblast"
"1848","3795","Jevrej"
"1849","3795","Jevrejskaja Oblast"
"1850","3795","Jevrejskaja Respublika"
"1851","3795","Jewish Autonomous Oblast"
"1852","3795","Yevreyskaya Oblast"
"1853","3796","Zabajkal'skij kraj"
"1854","3802","ar-Riyād̨"
"1855","3802","ar-Riyad"
"1856","3802","Riad"
"1857","3802","Riad"
"1858","3802","Riyadh"
"1859","3803","La Meca"
"1860","3804","al-Madinah"
"1861","3804","Medina"
"1862","3804","Médine"
"1863","3805","ash-Sharqiyah"
"1864","3805","Eastern"
"1865","3806","Qaseem"
"1866","3807","Hail"
"1867","3808","Tabook"
"1868","3809","al-Hudud ash-Shamaliyah"
"1869","3809","Northern"
"1870","3810","Jizan"
"1871","3812","Baha"
"1872","3814","Aseer"
"1873","3816","Lauru"
"1874","3820","San Cristóbal"
"1875","3821","Mala"
"1876","3823","Eastern Islands"
"1877","3828","Anse Louis"
"1878","3828","Au Cap"
"1879","3828","O Kap"
"1880","3837","Grand Ans Mae"
"1881","3837","Grand Anse Mahe"
"1882","3837","Grand'Anse (Mahé)"
"1883","3838","Grand Ans Pralen"
"1884","3838","Grand Anse Praslin"
"1885","3838","Grand'Anse (Praslin)"
"1886","3840","English River/ La Riviere Anglaise"
"1887","3848","Lemamel"
"1888","3848","Les Mamelles"
"1889","3849","Roche Caiman"
"1890","3849","Roche Caïman"
"1891","3849","Ros Kaiman"
"1892","3850","Gharb al Kurdufan"
"1893","3850","West Kordofan"
"1894","3853","North Darfur"
"1895","3853","Shimal Darfur"
"1896","3854","South Darfur"
"1897","3855","West Darfur"
"1898","3856","al-Qadarif"
"1899","3856","Gadaref"
"1900","3856","Gedaref"
"1901","3856","Qadārif"
"1902","3857","Al Jazira"
"1903","3857","Gezira"
"1904","3859","al-H̱arţūm"
"1905","3859","al-Khartum"
"1906","3859","Jartum"
"1907","3859","Khartoum"
"1908","3859","Khartum"
"1909","3860","North Kordofan"
"1910","3860","Shimal Kurdufan"
"1911","3861","South Kordofan"
"1912","3862","Blue Nile"
"1913","3863","Northern"
"1914","3863","Shamaliyah"
"1915","3864","River Nile"
"1916","3865","White Nile"
"1917","3866","Red Sea"
"1918","3867","Sannar"
"1919","3867","Sennar"
"1920","3876","Calmar"
"1921","3879","Scania"
"1922","3885","Dalarnas"
"1923","3885","Dalecarlia"
"1924","3885","Kopparberg"
"1925","4122","Poggio di Chiesanuova"
"1926","4127","Saint Marin"
"1927","4198","Damas"
"1928","4198","Damaskus"
"1929","4198","Dimashq"
"1930","4198","Madīnat Dimašq"
"1931","4199","Dara"
"1932","4199","Darā"
"1933","4199","Dārayyā"
"1934","4199","Darʿa"
"1935","4199","Deraa"
"1936","4200","Deir El-Zor"
"1937","4200","Deir-ez-Zor"
"1938","4201","al-Hasakah"
"1939","4201","El Haseke"
"1940","4201","H̨asakah"
"1941","4201","Hassetche"
"1942","4202","Hims"
"1943","4202","Homs"
"1944","4203","Alep"
"1945","4203","Halab"
"1946","4203","H̨alab"
"1947","4203","Haleb"
"1948","4204","Hama"
"1949","4204","Hamah"
"1950","4206","al-Ladhiqiyah"
"1951","4206","Lādhiqīyah"
"1952","4206","Latakia"
"1953","4206","Lattakia"
"1954","4206","Lattaquié"
"1955","4207","al-Qunaytirah"
"1956","4207","Quneitra"
"1957","4208","al-Rakka"
"1958","4208","Raqqah"
"1959","4209","Damas"
"1960","4209","Damascus"
"1961","4209","Damaskus"
"1962","4209","Dimashq"
"1963","4209","Dimašq"
"1964","4210","as-Suwayda"
"1965","4211","Tartoûs"
"1966","4211","Tartus"
"1967","4213","Lebombo"
"1968","4247","Bangkok"
"1969","4247","Bangkok"
"1970","4247","Bangkok"
"1971","4247","Krung Thep"
"1972","4255","Chainat"
"1973","4255","Jainat"
"1974","4255","Jayanath"
"1975","4284","Chiangmai"
"1976","4284","Chiengmai"
"1977","4284","Kiangmai"
"1978","4291","Chianpai"
"1979","4291","Chienrai"
"1980","4291","Muang Chiang Rai"
"1981","4297","Sakhothai"
"1982","4324","Dušanbe"
"1983","4324","Düşanbey"
"1984","4324","Dushambe"
"1985","4324","Dushanbe"
"1986","4325","Gorno-Badahşan"
"1987","4326","Hatlon"
"1988","4327","Chudjand"
"1989","4327","Hucand"
"1990","4327","Hücand"
"1991","4327","Hudžand"
"1992","4327","Khodzent"
"1993","4327","Khodzhent"
"1994","4327","Khudzhand"
"1995","4327","Leninabad"
"1996","4330","Baukau"
"1997","4332","Kova-Lima"
"1998","4336","Likisia"
"1999","4339","Ambeno"
"2000","4339","Ambino"
"2001","4339","Oecusse"
"2002","4340","Vikeke"
"2003","4341","Akhal"
"2004","4343","Dashhovuz"
"2005","4343","Dashhowuz"
"2006","4343","Dashkhovuz"
"2007","4343","Dashogus"
"2008","4343","Dashoguz"
"2009","4343","Dašhovuz"
"2010","4343","Daşhovuz"
"2011","4343","Tašauz"
"2012","4343","Tashauz"
"2013","4345","Mary"
"2014","4345","Merv"
"2015","4346","Ashgabat"
"2016","4346","Aşkabat"
"2017","4347","Toûnis"
"2018","4347","Túnez"
"2019","4347","Tūnis"
"2020","4347","Tunis"
"2021","4347","Tunis"
"2022","4348","Ariana"
"2023","4348","Ariano"
"2024","4348","Iryanah"
"2025","4349","Ben Arous"
"2026","4349","Bin Arus"
"2027","4350","Manouba"
"2028","4351","Nabeul"
"2029","4351","Nabul"
"2030","4352","Zaghouan"
"2031","4352","Zaghwan"
"2032","4352","Zagwan"
"2033","4353","Banzart"
"2034","4353","Benzert"
"2035","4353","Bizerta"
"2036","4353","Bizerte"
"2037","4354","Bajah"
"2038","4354","Béja"
"2039","4355","Jendouba"
"2040","4355","Jundubah"
"2041","4356","El Kef"
"2042","4356","Le Kef"
"2043","4357","Siliana"
"2044","4357","Silyanah"
"2045","4358","al-Qayrawan"
"2046","4358","Kairouan"
"2047","4359","Kasserine"
"2048","4359","Qasrayn"
"2049","4360","Sidi Bouzid"
"2050","4360","Sidi Bu Zayd"
"2051","4361","Sousse"
"2052","4361","Susah"
"2053","4362","al-Munastir"
"2054","4362","Monastir"
"2055","4363","al-Mahdiyah"
"2056","4363","Mahdia"
"2057","4363","Mehdia"
"2058","4364","Safaqis"
"2059","4364","Sfax"
"2060","4366","Tozeur"
"2061","4367","Kébili"
"2062","4367","Qabilī"
"2063","4367","Qabili"
"2064","4367","Qibili"
"2065","4368","Gabès"
"2066","4368","Qabis"
"2067","4369","Madaniyin"
"2068","4369","Medenine"
"2069","4370","Tatawin"
"2070","4370","Tatouine"
"2071","4371","Middleburg Island"
"2072","4371","ʿEua"
"2073","4376","Seyhan"
"2074","4377","Adiyaman"
"2075","4378","Afyon"
"2076","4379","Agri"
"2077","4384","Aydin"
"2078","4385","Balikesir"
"2079","4393","Çankiri"
"2080","4396","Diyarbakir"
"2081","4398","Elazig"
"2082","4401","Eskisehir"
"2083","4404","Gümüshane"
"2084","4407","Isparta"
"2085","4408","Ichili"
"2086","4409","Istanbul"
"2087","4410","Izmir"
"2088","4414","Kirklareli"
"2089","4415","Kirsehir"
"2090","4421","Kahramanmaras"
"2091","4421","Maras"
"2092","4421","Marash"
"2093","4423","Mugla"
"2094","4424","Mus"
"2095","4425","Nevsehir"
"2096","4426","Nigde"
"2097","4434","Tekirdag"
"2098","4438","Sanliurfa"
"2099","4439","Usak"
"2100","4446","Kirrikkale"
"2101","4448","Sirnak"
"2102","4449","Bartin"
"2103","4451","Igdir"
"2104","4477","Nukulailai"
"2105","4479","Nanumaga"
"2106","4481","Changhua"
"2107","4482","Chiai"
"2108","4486","Hualian"
"2109","4488","Chilung Shih"
"2110","4500","Taidong"
"2111","4505","Daressalam"
"2112","4508","Akagera"
"2113","4508","Ziwa Magharibi"
"2114","4510","Unguja"
"2115","4520","Mtware"
"2116","4522","Coast"
"2117","4530","Vinnica"
"2118","4530","Vinnitsa"
"2119","4530","Vinnytska"
"2120","4530","Vinnytsya"
"2121","4531","Volyn"
"2122","4531","Volynska"
"2123","4532","Lugansk"
"2124","4532","Luhanska"
"2125","4532","Luhansʿk"
"2126","4532","Voroshilovgrad"
"2127","4532","Vorošilovgrad"
"2128","4533","Dnepropetrovsk"
"2129","4533","Dnipropetrovsk"
"2130","4533","Dnipropetrovska"
"2131","4533","Dnjepropetrovsk"
"2132","4534","Doneck"
"2133","4534","Donetska"
"2134","4534","Donetsʿka"
"2135","4535","Zhitomir"
"2136","4535","Zhytomyrska"
"2137","4536","Transcarpathia"
"2138","4536","Zakarpatska"
"2139","4536","Zakarpatsʿka Oblast"
"2140","4537","Zaporizhzhya"
"2141","4537","Zaporizka"
"2142","4537","Zaporozhye"
"2143","4537","Zaporožje"
"2144","4538","Ivano-Frankivsk"
"2145","4538","Ivano-Frankivska"
"2146","4538","Ivano-Frankovsk"
"2147","4539","Kiev"
"2148","4539","Kyiv"
"2149","4539","Kyyiv"
"2150","4540","Kyyivsʿka Oblast"
"2151","4540","Kyyivsʿka Oblastʿ"
"2152","4541","Kirovograd"
"2153","4541","Kirovohrad"
"2154","4541","Kirovohradska"
"2155","4542","Sebastopol"
"2156","4542","Sevastopol"
"2157","4543","Crimea"
"2158","4543","Krim"
"2159","4544","Lvivska"
"2160","4544","Lvov"
"2161","4544","Lʿviv"
"2162","4545","Mykolayivsk"
"2163","4545","Mykolayivska"
"2164","4545","Nikolajev"
"2165","4545","Nikolayev"
"2166","4546","Odesa"
"2167","4546","Odeska"
"2168","4546","Odessa"
"2169","4547","Poltava"
"2170","4547","Poltavska"
"2171","4548","Rivne"
"2172","4548","Rivnenska"
"2173","4548","Rovno"
"2174","4548","Równe"
"2175","4549","Sumska"
"2176","4549","Sumy"
"2177","4550","Ternopil"
"2178","4550","Ternopilska"
"2179","4550","Ternopol"
"2180","4551","Harkov"
"2181","4551","Kharkiv"
"2182","4551","Kharkivska"
"2183","4551","Kharkov"
"2184","4552","Herson"
"2185","4552","Kherson"
"2186","4552","Khersonska"
"2187","4553","Hmelnickij"
"2188","4553","Khmelnitsky"
"2189","4553","Khmelnytska"
"2190","4553","Khmelnytskyy"
"2191","4554","Cherkask"
"2192","4554","Cherkassy"
"2193","4555","Černigov"
"2194","4555","Chernigov"
"2195","4555","Chernihiv"
"2196","4556","Cernăuţi"
"2197","4556","Černovcy"
"2198","4556","Chernivtsi"
"2199","4556","Chernivtsy"
"2200","4556","Chernovtsy"
"2201","4556","Czernowitz"
"2202","4556","Tschernowitz"
"2203","4570","Mityana"
"2204","4571","Nakaseke"
"2205","4572","Lyantonde"
"2206","4588","Amuria"
"2207","4589","Budaka"
"2208","4590","Bukwa"
"2209","4591","Butaleja"
"2210","4592","Kaliro"
"2211","4593","Manafwa"
"2212","4594","Namutumba"
"2213","4595","Bududa"
"2214","4596","Bukedea"
"2215","4610","Amolatar"
"2216","4611","Kaabong"
"2217","4612","Koboko"
"2218","4613","Abim"
"2219","4614","Dokolo"
"2220","4615","Amuru"
"2221","4616","Maracha"
"2222","4617","Oyam"
"2223","4633","Ibanda"
"2224","4634","Isingiro"
"2225","4635","Kiruhura"
"2226","4636","Buliisa"
"2227","4658","Californie"
"2228","4658","Kalifornien"
"2229","4715","FLorida"
"2230","4729","Andijon"
"2231","4729","Andižan"
"2232","4729","Andizhan"
"2233","4730","Boukhara"
"2234","4730","Buchara"
"2235","4730","Buhara"
"2236","4730","Buhoro"
"2237","4730","Bukhara"
"2238","4730","Bukhoro"
"2239","4731","Farghona"
"2240","4731","Fergana"
"2241","4731","Ferghana"
"2242","4731","Ferghona"
"2243","4732","Cizah"
"2244","4732","Cizak"
"2245","4732","Djizak"
"2246","4732","Dzhizak"
"2247","4732","Džizak"
"2248","4732","Jizzakh"
"2249","4733","Namaņgan"
"2250","4733","Namangan"
"2251","4734","Navoi"
"2252","4734","Navoj"
"2253","4734","Navoy"
"2254","4735","Kashkadar"
"2255","4735","Kashkadaria"
"2256","4735","Kashkadarya"
"2257","4735","Kaskadar"
"2258","4735","Ķaşķadar"
"2259","4735","Qashqadar"
"2260","4735","Qaşqadar"
"2261","4735","Qasqadar"
"2262","4736","Karakalpakistan"
"2263","4736","Qoraqalpoghiston"
"2264","4736","Qoraqalpogiston"
"2265","4737","Samarkand"
"2266","4737","Samarkand"
"2267","4737","Samarķand"
"2268","4737","Samarqand"
"2269","4738","Sirdare"
"2270","4738","Syrdarja"
"2271","4738","Syrdarya"
"2272","4739","Surkhondar"
"2273","4741","Tachkent"
"2274","4741","Taschkent"
"2275","4741","Taškent"
"2276","4741","Toshkent"
"2277","4741","Toshkent"
"2278","4741","Toşkent"
"2279","4742","Khorazm"
"2280","4828","Central Highlands"
"2281","4838","Ambrim"
"2282","4838","Ambrym"
"2283","4838","Malakula"
"2284","4838","Malekula"
"2285","4838","Mallicollo"
"2286","4838","Paama"
"2287","4839","Ambae-Maewo"
"2288","4839","Aoba-Maewo"
"2289","4839","Omba-Aurora"
"2290","4839","Omba-Maewo"
"2291","4839","Pentecost"
"2292","4840","Santo-Malo"
"2293","4841","Éfaté"
"2294","4841","Sandwich Island"
"2295","4841","Vaté"
"2296","4843","Banks-Torres"
"2297","4856","Adan"
"2298","4856","Adén"
"2299","4856","Aden"
"2300","4856","Aden"
"2301","4856","ʿAdan"
"2302","4858","Al Baida"
"2303","4860","Dhamar"
"2304","4860","Dhomar"
"2305","4860","Đomar"
"2306","4861","Hadramout"
"2307","4863","al-Hudaydah"
"2308","4863","Hodeïah"
"2309","4863","Hodeida"
"2310","4863","Hodeidah"
"2311","4863","H̨udaydah"
"2312","4866","Lahej"
"2313","4866","Lahj"
"2314","4867","Marab"
"2315","4867","Mareb"
"2316","4872","Saʿadah"
"2317","4873","Shabwah"
"2318","4874","Sana"
"2319","4874","Sanaa"
"2320","4874","Sanaʿa"
"2321","4874","Sanaʿa City"
"2322","4874","Sanʿaʿ"
"2323","4875","Taiz"
"2324","4876","Oos Kaap"
"2325","4877","Foreistata"
"2326","4877","Vrystaat"
"2327","4878","Pretoria-Witwatersrand-Vereeniging"
"2328","4880","eMpumalanga"
"2329","4884","Wes Kaap"